"","HIV","Control"
"df1",6,6
"df2",1,3
"crit_F",233.986000356266,8.94064512077037
"F_stat",1.20021479372302,19.5189016664537
"pvalue",0.603452305759581,0.0167562484436699
