"","HIV","Control"
"df1",6,6
"df2",4,4
"crit_F",6.16313228268863,6.16313228268863
"F_stat",4.12665650724958,4.13713402720908
"pvalue",0.0956628032041591,0.0952878292273365
