"","df1","df2","crit_F","F_stat","pvalue"
"1",12,7,3.57467644662942,2.16121303708266,0.156545676351967
