"","df1","df2","crit_F","F_stat","pvalue"
"1",12,5,4.67770379177752,5.50750671645579,0.0357688085651366
