Total Number of Aligned Reads:	94323	Total Number of Mapped Genomes:	1251
Genome	Final Guess	Final Best Hit	Final Best Hit Read Numbers	Final High Confidence Hits	Final Low Confidence Hits	Initial Guess	Initial Best Hit	Initial Best Hit Read Numbers	Initial High Confidence Hits	Initial Low Confidence Hits
ti|478|org|Moraxella_nonliquefaciens|accession|NZ_LXTW01000013.1	0.7815659275016349	0.5608812272722453	52904.0	0.5608812272722453	0.0	0.37079304331816715	0.278050775880043	26226.5833333333	0.03708533443592761	0.5178800504648919
ti|883103|org|Dolosigranulum_pigrum_ATCC_51524|accession|NZ_JH601104.1	0.08053044390044255	0.06866829935434623	6477.0	0.06866829935434623	0.0	0.040265221742828615	0.034328848743148545	3238.0	0.06841385452116663	0.000243842965130456
ti|171101|org|Streptococcus_pneumoniae_R6|accession|NC_003098.1	0.0747004178995934	0.06641010145987723	6264.0	0.06641010145987723	0.0	0.04600866712938673	0.06555488410391244	6183.333333333333	0.05426036067555103	0.011630249249917835
ti|71421|org|Haemophilus_influenzae_Rd_KW20|accession|NC_000907.1	0.05802943210062397	0.2781718138736045	26238.0	0.2781718138736045	0.0	0.05802086518908358	0.28016408157784056	26425.916666666653	0.2736236124805191	0.0075803356551424365
ti|1121368|org|Corynebacterium_pseudodiphtheriticum_DSM_44287|accession|NZ_JIAH01000003.1	0.0029292081859679836	0.0045906088652820625	433.0	0.0045906088652820625	0.0	0.00292862272013395	0.004601210733331213	434.0	0.004580006997232913	2.120373609830052e-05
ti|435837|org|Staphylococcus_hominis_subsp._hominis_C80|accession|NZ_GL545256.1	0.0005799064726493056	0.000731528895391368	69.0	0.000731528895391368	0.0	5.3653780958677226e-05	0.00015233874684909956	14.369047619047617	0.0	0.00022263922903215547
ti|318586|org|Paracoccus_denitrificans_PD1222|accession|NC_008687.1	0.00022619821431403415	0.0005194915344083628	49.0	8.481494439320209e-05	0.0004346765900151607	8.523704725245708e-05	0.00022617318504853886	21.333333333333332	0.0	0.0004558803261134612
