Total Number of Aligned Reads:	34566	Total Number of Mapped Genomes:	5763
Genome	Final Guess	Final Best Hit	Final Best Hit Read Numbers	Final High Confidence Hits	Final Low Confidence Hits	Initial Guess	Initial Best Hit	Initial Best Hit Read Numbers	Initial High Confidence Hits	Initial Low Confidence Hits
ti|176280|org|Staphylococcus_epidermidis_ATCC_12228|accession|NC_004461.1	0.9757780657011698	0.6871492217786264	23752.0	0.6871202916160389	2.893016258751374e-05	0.1530750546656391	0.510463372233145	17644.67692461089	0.0	0.5641671006191055
ti|525260|org|Corynebacterium_accolens_ATCC_49725|accession|NZ_GG666997.1	0.012759662894877337	0.278973557831395	9643.0	0.278973557831395	0.0	0.009903168597837653	0.24061168490555754	8316.983500445502	0.12136203205462015	0.12740843603541052
ti|478|org|Moraxella_nonliquefaciens|accession|NZ_LXTW01000013.1	0.005163783022118998	0.00781114389862871	270.0	0.004975987965052364	0.0028351559335763467	0.004923490046829619	0.0028685059821147306	99.15277777777779	0.0	0.0060174738182028585
ti|1236608|org|Moraxella_catarrhalis_BBH18|accession|NC_014147.1	0.005163783021260377	0.0001446508129375687	5.0	0.0001446508129375687	0.0	0.004923490046829619	0.0028685059821147306	99.15277777777779	0.0	0.0060174738182028585
ti|398578|org|Delftia_acidovorans_SPH-1|accession|NC_010002.1	0.0004259464188080314	0.0016200891049007696	56.0	0.0016200891049007696	0.0	0.000407053529141195	0.000996276208912904	34.43728343728344	0.0008389747150378985	0.00017358097552508245
ti|171101|org|Streptococcus_pneumoniae_R6|accession|NC_003098.1	0.00032774157671348463	0.003674130648614245	127.0	0.0036452004860267314	2.893016258751374e-05	0.000148776140950368	0.0006808138422768531	23.533011272141707	8.679048776254123e-05	0.0012729271538506047
ti|71999|org|Kocuria_palustris|accession|NZ_CP012507.1	6.916548619877572e-05	0.0030955273968639703	107.0	0.0030665972342764566	2.893016258751374e-05	4.1646658866315355e-05	0.0013886478042006596	48.0	0.00031823178846265116	0.0010704160157380084
ti|419475|org|Ochrobactrum_pseudogrignonense|accession|NZ_CP015775.1	5.232806485098483e-05	0.000665393739512816	23.0	0.0004918127639877336	0.00017358097552508245	4.644914739259847e-05	0.00010607726282088372	3.6666666666666665	0.0	0.00023144130070010992
