Total Number of Aligned Reads:	213150	Total Number of Mapped Genomes:	1812
Genome	Final Guess	Final Best Hit	Final Best Hit Read Numbers	Final High Confidence Hits	Final Low Confidence Hits	Initial Guess	Initial Best Hit	Initial Best Hit Read Numbers	Initial High Confidence Hits	Initial Low Confidence Hits
ti|478|org|Moraxella_nonliquefaciens|accession|NZ_LXTW01000013.1	0.5963238473566376	0.6631245601688951	141345.0	0.6631245601688951	0.0	0.2831704704380931	0.33136132613965014	70629.66666666642	0.03463757916959887	0.6278489326765189
ti|883103|org|Dolosigranulum_pigrum_ATCC_51524|accession|NZ_JH601104.1	0.10215926161565017	0.07559699741965752	16113.5	0.15107670654468683	9.383063570255688e-05	0.10215926160371813	0.07555008210180623	16103.5	0.15074360778794277	0.00033309875674407695
ti|883103|org|Dolosigranulum_pigrum_ATCC_51524|accession|NZ_JH601103.1	0.10215926161565017	0.075578231292517	16109.5	0.15105794041754633	9.383063570255688e-05	0.10215926160371813	0.0755266244428806	16098.5	0.15072015012901713	0.00033309875674407695
ti|911238|org|Staphylococcus_simiae_CCM_7213|accession|NZ_AEUN01000485.1	0.10134945214491468	0.07916021581046212	16873.0	0.07914614121510673	1.4074595355383532e-05	0.01914991008657036	0.03597448884744505	7667.962297832913	0.0008257095941825006	0.07193525686136523
ti|1121368|org|Corynebacterium_pseudodiphtheriticum_DSM_44287|accession|NZ_JIAH01000003.1	0.07758710267364313	0.07174759558996012	15293.0	0.07174759558996012	0.0	0.07729371595100996	0.07152240206427399	15245.0	0.07146610368285246	5.629838142153413e-05
ti|171101|org|Streptococcus_pneumoniae_R6|accession|NC_003098.1	0.007265939660952157	0.00811634998827117	1730.0	0.00811634998827117	0.0	0.004500378138782178	0.008036593947923998	1713.0	0.006779263429509735	0.001299554304480413
ti|439375|org|Ochrobactrum_anthropi_ATCC_49188|accession|NC_009668.1	0.0016881736941873882	0.00265540699038236	566.0	0.0024818203143326294	0.00017358667604973024	0.0007690435743324305	0.0006375791695988739	135.89999999999998	0.0	0.002491203377902885
